<?xml version="1.0" encoding="UTF-8"?>
<Configuration status="DEBUG">
    <Properties>
        <Property name="LOG_PATTERN">
            [%-5level] %d{yyyy-MM-dd HH:mm:ss.SSS} [%t] %c{1} - %msg%n
        </Property>
    </Properties>
    <Appenders>
        <Console name="ConsoleAppender" target="SYSTEM_OUT" follow="true">
            <PatternLayout pattern="${LOG_PATTERN}"/>
        </Console>
        <RollingFile name="FileAppender" fileName="elk-spring.log"
                     filePattern="${BASE_PATH}/elkdemo-%d{yyyy-MM-dd}.log">
            <PatternLayout>
                <Pattern>${LOG_PATTERN}</Pattern>
            </PatternLayout>
            <Policies>
                <SizeBasedTriggeringPolicy size="10MB" />
            </Policies>
            <DefaultRolloverStrategy max="10"/>
        </RollingFile>
    </Appenders>
    <Loggers>
        <Logger name="com.moviebookingapp" level="DEBUG" additivity="false">
            <AppenderRef ref="FileAppender"/>
            <AppenderRef ref="ConsoleAppender"/>
        </Logger>
        <Root level="DEBUG">
            <AppenderRef ref="FileAppender"/>
        </Root>
    </Loggers>
</Configuration>